Workbook

Sheet combined
A1: =air_poll_mean!B1 -> region | B1: =air_poll_mean!C1 -> aqi_value | C1: =coal_mean_per_year!C1 -> coal_consumption_twh | D1: =chronic_lung_death_rate!G1 -> lung_disease_death_rate | E1: =cancer!E1 -> Cancer prevalence per 100 000 | F1: =lung_cancer!E1 -> Lung cancer prevalence per 100 000 | G1: =life_expect!C1 -> Life expectancy overall
A2: =air_poll_mean!B2 -> Afghanistan | B2: =air_poll_mean!C2 -> 95.959184 | C2: =VLOOKUP(combined!A2,coal_mean_per_year!B:C,2,0) -> #N/A | D2: =VLOOKUP(combined!A2,chronic_lung_death_rate!B:G,6,0) -> 12.137545 | E2: =VLOOKUP(combined!A2,cancer!B:E,4,0) -> 52.53 | F2: =VLOOKUP(combined!A2,lung_cancer!B:E,4,0) -> 3.9 | G2: =VLOOKUP(combined!A2,life_expect!B:C,2,0) -> 66.03
A3: =air_poll_mean!B3 -> Albania | B3: =air_poll_mean!C3 -> 68.25 | C3: =VLOOKUP(combined!A3,coal_mean_per_year!B:C,2,0) -> #N/A | D3: =VLOOKUP(combined!A3,chronic_lung_death_rate!B:G,6,0) -> 45.24025 | E3: =VLOOKUP(combined!A3,cancer!B:E,4,0) -> 109.75 | F3: =VLOOKUP(combined!A3,lung_cancer!B:E,4,0) -> 13.19 | G3: =VLOOKUP(combined!A3,life_expect!B:C,2,0) -> 79.6
A4: =air_poll_mean!B4 -> Algeria | B4: =air_poll_mean!C4 -> 88.166667 | C4: =VLOOKUP(combined!A4,coal_mean_per_year!B:C,2,0) -> 4.6227998 | D4: =VLOOKUP(combined!A4,chronic_lung_death_rate!B:G,6,0) -> 20.683292 | E4: =VLOOKUP(combined!A4,cancer!B:E,4,0) -> 96.31 | F4: =VLOOKUP(combined!A4,lung_cancer!B:E,4,0) -> 5.97 | G4: =VLOOKUP(combined!A4,life_expect!B:C,2,0) -> 76.26
A5: =air_poll_mean!B5 -> Andorra | B5: =air_poll_mean!C5 -> 29.333333 | C5: =VLOOKUP(combined!A5,coal_mean_per_year!B:C,2,0) -> #N/A | D5: =VLOOKUP(combined!A5,chronic_lung_death_rate!B:G,6,0) -> 37.831418 | E5: =VLOOKUP(combined!A5,cancer!B:E,4,0) -> #N/A | F5: =VLOOKUP(combined!A5,lung_cancer!B:E,4,0) -> #N/A | G5: =VLOOKUP(combined!A5,life_expect!B:C,2,0) -> 84.04
A6: =air_poll_mean!B6 -> Angola | B6: =air_poll_mean!C6 -> 83.925926 | C6: =VLOOKUP(combined!A6,coal_mean_per_year!B:C,2,0) -> #N/A | D6: =VLOOKUP(combined!A6,chronic_lung_death_rate!B:G,6,0) -> 18.50229 | E6: =VLOOKUP(combined!A6,cancer!B:E,4,0) -> 73.06 | F6: =VLOOKUP(combined!A6,lung_cancer!B:E,4,0) -> 1.31 | G6: =VLOOKUP(combined!A6,life_expect!B:C,2,0) -> 64.62
A7: =air_poll_mean!B7 -> Argentina | B7: =air_poll_mean!C7 -> 28.449275 | C7: =VLOOKUP(combined!A7,coal_mean_per_year!B:C,2,0) -> 10.814003 | D7: =VLOOKUP(combined!A7,chronic_lung_death_rate!B:G,6,0) -> 37.849243 | E7: =VLOOKUP(combined!A7,cancer!B:E,4,0) -> 161.79 | F7: =VLOOKUP(combined!A7,lung_cancer!B:E,4,0) -> 10.56 | G7: =VLOOKUP(combined!A7,life_expect!B:C,2,0) -> 77.39
A8: =air_poll_mean!B8 -> Armenia | B8: =air_poll_mean!C8 -> 53.636364 | C8: =VLOOKUP(combined!A8,coal_mean_per_year!B:C,2,0) -> #N/A | D8: =VLOOKUP(combined!A8,chronic_lung_death_rate!B:G,6,0) -> 15.935816 | E8: =VLOOKUP(combined!A8,cancer!B:E,4,0) -> 134.07 | F8: =VLOOKUP(combined!A8,lung_cancer!B:E,4,0) -> 15.25 | G8: =VLOOKUP(combined!A8,life_expect!B:C,2,0) -> 75.68
A9: =air_poll_mean!B9 -> Aruba | B9: =air_poll_mean!C9 -> 163 | C9: =VLOOKUP(combined!A9,coal_mean_per_year!B:C,2,0) -> #N/A | D9: =VLOOKUP(combined!A9,chronic_lung_death_rate!B:G,6,0) -> #N/A | E9: =VLOOKUP(combined!A9,cancer!B:E,4,0) -> #N/A | F9: =VLOOKUP(combined!A9,lung_cancer!B:E,4,0) -> #N/A | G9: =VLOOKUP(combined!A9,life_expect!B:C,2,0) -> 76.35
A10: =air_poll_mean!B10 -> Australia | B10: =air_poll_mean!C10 -> 33.6 | C10: =VLOOKUP(combined!A10,coal_mean_per_year!B:C,2,0) -> 437.99785 | D10: =VLOOKUP(combined!A10,chronic_lung_death_rate!B:G,6,0) -> 45.885857 | E10: =VLOOKUP(combined!A10,cancer!B:E,4,0) -> 281.33 | F10: =VLOOKUP(combined!A10,lung_cancer!B:E,4,0) -> 12.7 | G10: =VLOOKUP(combined!A10,life_expect!B:C,2,0) -> 83.92
A11: =air_poll_mean!B11 -> Austria | B11: =air_poll_mean!C11 -> 53.720588 | C11: =VLOOKUP(combined!A11,coal_mean_per_year!B:C,2,0) -> 42.286286 | D11: =VLOOKUP(combined!A11,chronic_lung_death_rate!B:G,6,0) -> 41.543998 | E11: =VLOOKUP(combined!A11,cancer!B:E,4,0) -> 201.37 | F11: =VLOOKUP(combined!A11,lung_cancer!B:E,4,0) -> 14.87 | G11: =VLOOKUP(combined!A11,life_expect!B:C,2,0) -> 81.96
A12: =air_poll_mean!B12 -> Azerbaijan | B12: =air_poll_mean!C12 -> 58.763158 | C12: =VLOOKUP(combined!A12,coal_mean_per_year!B:C,2,0) -> 0.20254508 | D12: =VLOOKUP(combined!A12,chronic_lung_death_rate!B:G,6,0) -> 17.124758 | E12: =VLOOKUP(combined!A12,cancer!B:E,4,0) -> 99.93 | F12: =VLOOKUP(combined!A12,lung_cancer!B:E,4,0) -> 10.08 | G12: =VLOOKUP(combined!A12,life_expect!B:C,2,0) -> 74.43
A13: =air_poll_mean!B13 -> Bahrain | B13: =air_poll_mean!C13 -> 188 | C13: =VLOOKUP(combined!A13,coal_mean_per_year!B:C,2,0) -> #N/A | D13: =VLOOKUP(combined!A13,chronic_lung_death_rate!B:G,6,0) -> 14.061738 | E13: =VLOOKUP(combined!A13,cancer!B:E,4,0) -> 89.67 | F13: =VLOOKUP(combined!A13,lung_cancer!B:E,4,0) -> 4.76 | G13: =VLOOKUP(combined!A13,life_expect!B:C,2,0) -> 81.28
... A176: =air_poll_mean!B176 -> Zimbabwe | B176: =air_poll_mean!C176 -> 43.740741 | C176: =VLOOKUP(combined!A176,coal_mean_per_year!B:C,2,0) -> #N/A | D176: =VLOOKUP(combined!A176,chronic_lung_death_rate!B:G,6,0) -> 22.073323 | E176: =VLOOKUP(combined!A176,cancer!B:E,4,0) -> 110.92 | F176: =VLOOKUP(combined!A176,lung_cancer!B:E,4,0) -> 3.06 | G176: =VLOOKUP(combined!A176,life_expect!B:C,2,0) -> 62.77

Sheet air_poll_mean
B1: region | C1: aqi_value
A2: 0 | B2: Afghanistan | C2: 95.959184
A3: 1 | B3: Albania | C3: 68.25
A4: 2 | B4: Algeria | C4: 88.166667
A5: 3 | B5: Andorra | C5: 29.333333
A6: 4 | B6: Angola | C6: 83.925926
A7: 5 | B7: Argentina | C7: 28.449275
A8: 6 | B8: Armenia | C8: 53.636364
A9: 7 | B9: Aruba | C9: 163
A10: 8 | B10: Australia | C10: 33.6
A11: 9 | B11: Austria | C11: 53.720588
A12: 10 | B12: Azerbaijan | C12: 58.763158
A13: 11 | B13: Bahrain | C13: 188
... A176: 174 | B176: Zimbabwe | C176: 43.740741

Sheet coal_mean_per_year
B1: region | C1: coal_consumption_twh
A2: 0 | B2: Africa | C2: 845.84422
A3: 1 | B3: Africa (EI) | C3: 845.84422
A4: 2 | B4: Algeria | C4: 4.6227998
A5: 3 | B5: Argentina | C5: 10.814003
A6: 4 | B6: Asia | C6: 15964.663
A7: 5 | B7: Asia Pacific (EI) | C7: 15852.051
A8: 6 | B8: Australia | C8: 437.99785
A9: 7 | B9: Austria | C9: 42.286286
A10: 8 | B10: Azerbaijan | C10: 0.20254508
A11: 9 | B11: Bangladesh | C11: 10.828591
A12: 10 | B12: Belarus | C12: 13.28825
A13: 11 | B13: Belgium | C13: 94.856646
... A113: 111 | B113: World | C113: 29406.78

Sheet chronic_lung_death_rate
B1: region | C1: measure_name | D1: cause_name | E1: metric_name | F1: year | G1: lung_disease_death_rate
A2: 2 | B2: Morocco | C2: Deaths | D2: Chronic respiratory diseases | E2: Rate | F2: 2023 | G2: 19.889601
A3: 5 | B3: Samoa | C3: Deaths | D3: Chronic respiratory diseases | E3: Rate | F3: 2023 | G3: 49.341006
A4: 8 | B4: Bulgaria | C4: Deaths | D4: Chronic respiratory diseases | E4: Rate | F4: 2023 | G4: 30.661091
A5: 11 | B5: Nicaragua | C5: Deaths | D5: Chronic respiratory diseases | E5: Rate | F5: 2023 | G5: 21.095656
A6: 14 | B6: Palestine | C6: Deaths | D6: Chronic respiratory diseases | E6: Rate | F6: 2023 | G6: 8.9806374
A7: 17 | B7: Greenland | C7: Deaths | D7: Chronic respiratory diseases | E7: Rate | F7: 2023 | G7: 77.002628
A8: 20 | B8: Croatia | C8: Deaths | D8: Chronic respiratory diseases | E8: Rate | F8: 2023 | G8: 45.676635
A9: 23 | B9: Oman | C9: Deaths | D9: Chronic respiratory diseases | E9: Rate | F9: 2023 | G9: 6.9904402
A10: 26 | B10: Guam | C10: Deaths | D10: Chronic respiratory diseases | E10: Rate | F10: 2023 | G10: 26.487807
A11: 29 | B11: Czechia | C11: Deaths | D11: Chronic respiratory diseases | E11: Rate | F11: 2023 | G11: 39.075951
A12: 32 | B12: Qatar | C12: Deaths | D12: Chronic respiratory diseases | E12: Rate | F12: 2023 | G12: 2.1839452
A13: 35 | B13: Indonesia | C13: Deaths | D13: Chronic respiratory diseases | E13: Rate | F13: 2023 | G13: 36.46394
... A409: 1223 | B409: Guinea-Bissau | C409: DALYs (Disability-Adjusted Life Years) | D409: Chronic respiratory diseases | E409: Rate | F409: 2023 | G409: 729.03405

Sheet cancer
B1: Population | C1: Alpha‑3 code | D1: Cancer id | E1: Cancer prevalence per 100 000
A2: 0 | B2: Afghanistan | C2: AFG | D2: 40 | E2: 52.53
A3: 1 | B3: Albania | C3: ALB | D3: 40 | E3: 109.75
A4: 2 | B4: Algeria | C4: DZA | D4: 40 | E4: 96.31
A5: 3 | B5: Angola | C5: AGO | D5: 40 | E5: 73.06
A6: 4 | B6: Azerbaijan | C6: AZE | D6: 40 | E6: 99.93
A7: 5 | B7: Argentina | C7: ARG | D7: 40 | E7: 161.79
A8: 6 | B8: Australia | C8: AUS | D8: 40 | E8: 281.33
A9: 7 | B9: Austria | C9: AUT | D9: 40 | E9: 201.37
A10: 8 | B10: Bahamas | C10: BHS | D10: 40 | E10: 151.41
A11: 9 | B11: Bahrain | C11: BHR | D11: 40 | E11: 89.67
A12: 10 | B12: Bangladesh | C12: BGD | D12: 40 | E12: 61.12
A13: 11 | B13: Armenia | C13: ARM | D13: 40 | E13: 134.07
... A186: 184 | B186: Zambia | C186: ZMB | D186: 40 | E186: 83.92

Sheet lung_cancer
B1: Population | C1: Alpha‑3 code | D1: Cancer id | E1: Lung cancer prevalence per 100 000
A2: 0 | B2: Afghanistan | C2: AFG | D2: 15 | E2: 3.9
A3: 1 | B3: Albania | C3: ALB | D3: 15 | E3: 13.19
A4: 2 | B4: Algeria | C4: DZA | D4: 15 | E4: 5.97
A5: 3 | B5: Angola | C5: AGO | D5: 15 | E5: 1.31
A6: 4 | B6: Azerbaijan | C6: AZE | D6: 15 | E6: 10.08
A7: 5 | B7: Argentina | C7: ARG | D7: 15 | E7: 10.56
A8: 6 | B8: Australia | C8: AUS | D8: 15 | E8: 12.7
A9: 7 | B9: Austria | C9: AUT | D9: 15 | E9: 14.87
A10: 8 | B10: Bahamas | C10: BHS | D10: 15 | E10: 4.71
A11: 9 | B11: Bahrain | C11: BHR | D11: 15 | E11: 4.76
A12: 10 | B12: Bangladesh | C12: BGD | D12: 15 | E12: 4.66
A13: 11 | B13: Armenia | C13: ARM | D13: 15 | E13: 15.25
... A186: 184 | B186: Zambia | C186: ZMB | D186: 15 | E186: 1.52

Sheet life_expect
B1: Locations | C1: Life expectancy overall
B2: Locations | C2: at birth
A3: 0 | B3: Hong Kong | C3: 85.51
A4: 1 | B4: Japan | C4: 84.71
A5: 2 | B5: South Korea | C5: 84.33
A6: 3 | B6: French Polynesia | C6: 84.07
A7: 4 | B7: Andorra | C7: 84.04
A8: 5 | B8: Switzerland | C8: 83.95
A9: 6 | B9: Australia | C9: 83.92
A10: 7 | B10: Singapore | C10: 83.74
A11: 8 | B11: Italy | C11: 83.72
A12: 9 | B12: Spain | C12: 83.67
A13: 10 | B13: Réunion | C13: 83.55
A14: 11 | B14: France | C14: 83.33
... A213: 210 | B213: Nigeria | C213: 54.46
